SAMPLE_ID,NORTHEASTASIAN,MEDITERRANIAN,SOUTHAFRICA,SOUTHWESTASIAN,NATIVEAMERICAN,OCEANIAN,SOUTHEASTASIA,NORTHERNEUROPEAN,SUBSAHARANAFRICA,GROUP_ID
GRC12076288,0.0221,0.5524,0,0.3492,0,0,0,0.0762,0,Abkhazians
GRC12076300,0.0228,0.5162,0.0069,0.3522,0,0,0,0.0921,0.0098,Abkhazians
GRC12076312,0.0245,0.4834,0.0029,0.2789,0,0.0054,4.00E-04,0.2045,0,Abkhazians
GRC12076324,0.038,0.5124,0,0.3459,0,0,0,0.1037,0,Abkhazians
GRC12076232,0.3518,0.2379,0.001,0.2553,0.0316,0.0145,0.0172,0.0907,0,Altaians
GRC12076245,0.319,0.0578,0,0.2316,0.05,0.0095,0,0.332,0,Altaians
GRC12076244,0.6259,0.0249,0,0.1986,0.0306,1.00E-04,0.0346,0.0852,0,Altaians
GRC12076256,0.6317,0,0,0.2006,0.0368,0.0236,0,0.1073,0,Altaians
GRC12076268,0.6012,8.00E-04,0,0.202,0.0417,0,0.0073,0.1469,0,Altaians
GRC12076280,0.6155,0.0079,0,0.1832,0.0532,0.0022,0.0186,0.1193,0,Altaians
GRC12076292,0.5909,0,0,0.2084,0.0225,0.0184,0,0.1598,0,Altaians
GRC12076304,0.6671,0.0032,0,0.1723,0.0335,0.0132,0.0178,0.0929,0,Altaians
GRC12076233,0.4715,0,0,0.2612,0.0262,0,0,0.241,0,Altaians
GRC12076257,0.4954,0,0,0.2406,0.0538,0,0,0.2102,0,Altaians
GRC12076269,0.5209,0,0,0.2328,0.0442,0.0095,0,0.1925,0,Altaians
GRC12076281,0.4915,0,0.0048,0.2559,0.0451,7.00E-04,0,0.2019,0,Altaians
GRC12076293,0.5146,0,0,0.2349,0.0269,0,0,0.2235,0,Altaians
GRC12076305,0.4922,0.0054,0,0.2554,0.0494,0.006,0,0.1916,0,Altaians
GRC12076317,0.5135,0,0,0.2386,0.0511,0.006,0,0.1907,0,Altaians
GRC12084554,0.1434,0,0.0581,0,0.0014,0.016,0.1804,0.02,0.5807,Ambilobe_Madagascar
GRC12084555,0.1026,0.0152,0.046,0.008,0,8.00E-04,0.1471,4.00E-04,0.6798,Ambilobe_Madagascar
GRC12084556,0.2015,0.0137,0.0222,0,0,0.0035,0.2256,0,0.5334,Ambilobe_Madagascar
GRC12084558,0.1749,0.0059,0.0373,0,0,0.013,0.2481,0.0064,0.5143,Ambilobe_Madagascar
GRC12084551,0.0619,0.0107,0.0768,0.0104,0,0,0.0782,0.0147,0.7473,Andilambe_Madagascar
GRC12084552,0.0896,0.0232,0.0685,0,0,0.0061,0.1225,0,0.6902,Andilambe_Madagascar
GRC12084553,0.1974,0,0.0171,0,0,0.0014,0.2332,0,0.5508,Andilambe_Madagascar
GRC12084544,0.2497,0,0.0037,0,0.0031,5.00E-04,0.3538,0.0142,0.3749,Antananarivo_Madagascar
GRC12084545,0.2075,0.0154,0.0374,0,0,0.0111,0.2848,0,0.4438,Antananarivo_Madagascar
GRC12084546,0.1907,0.0044,0.0314,0,0.0036,0,0.2664,0,0.5034,Antananarivo_Madagascar
GRC12084574,0,0.3686,0.0034,0.1753,0.001,0.0061,0.0074,0.4262,0.0121,Bermudian
GRC12084587,0,0.2612,0.0195,0.1225,0.0218,0,0.0211,0.3357,0.2182,Bermudian
GRC12084576,0.0029,0.138,0.021,0.0529,0.0925,0,0,0.2165,0.4761,Bermudian
GRC12084577,0.001,0.1546,0.0134,0.1115,0.0432,0,0.0113,0.2691,0.396,Bermudian
GRC12084578,0,0.2359,0.025,0.1056,0.0112,0.0057,0.0042,0.2362,0.3762,Bermudian
GRC12084588,0.0121,0.1521,0.0369,0.058,0.0375,0.0051,1.00E-04,0.2334,0.4647,Bermudian
GRC12087852,7.00E-04,0.1728,0.0266,0.0815,0.0224,2.00E-04,0.0041,0.2373,0.4544,Bermudian
GRC12087856,0.0371,0.1571,0.0211,0.0735,0.0937,0.0165,0.0217,0.2184,0.3608,Bermudian
GRC12084575,0.0067,0.1042,0.0343,0.056,0.0145,0,0,0.164,0.6202,Bermudian
GRC12084585,6.00E-04,0.1246,0.0315,0.0726,0.0599,0,0.0094,0.146,0.5553,Bermudian
GRC12087853,0.0138,0.1346,0.0343,0.0447,0.0573,0.011,0.0073,0.1636,0.5334,Bermudian
GRC12087854,0,0.1576,0.042,0.0722,0.058,0,0.0152,0.0985,0.5565,Bermudian
GRC12087857,0.0089,0.1359,0.0467,0.0767,0.0574,0,0.0067,0.1375,0.5301,Bermudian
GRC12087850,0,0.1024,0.0554,0.0288,0.0662,7.00E-04,0.0047,0.0952,0.6467,Bermudian
GRC12087851,0.0104,0.0796,0.0582,0.0484,0.0258,8.00E-04,0.0194,0.1072,0.6501,Bermudian
GRC12087858,0.0085,0.0568,0.0656,0.0231,0.0277,8.00E-04,1.00E-04,0.0584,0.7591,Bermudian
GRC12081934,0.0092,0,0,0.3794,0.002,0.0282,0.5811,0,0,Binjhal
GRC12081996,0.0319,0,0,0.3674,0,0.0206,0.58,0,0,Binjhal
GRC10039197,0.0029,0.5008,0,0.1929,0.0167,0,0,0.2867,0,Bulgaria
GRC11049092,0.0052,0.5158,0,0.2215,0,0,0.0169,0.2405,0,Bulgaria
GRC11069148,0.0075,0.5231,0,0.2028,0.0088,0,0,0.2578,0,Bulgaria
GRC10043360,0.0499,0.4668,0,0.2196,0.0011,0.0028,0,0.2597,0,Bulgaria
GRC10047652,0.0487,0.4187,0,0.2135,0.0146,0,0.019,0.2856,0,Bulgaria
GRC012601,0.0206,0.4408,0,0.1998,0,0.0092,0,0.3295,0,Bulgaria
GRC10047943,0.0212,0.4382,0,0.1927,0,0,0,0.3478,0,Bulgaria
GRC001411,0.0172,0.4721,0,0.1916,0,0.0127,0,0.3063,0,Bulgaria
GRC008679,0.0117,0.4695,0,0.1959,0.0052,0.0023,0,0.3154,0,Bulgaria
GRC010399,0.0084,0.4704,0,0.1929,0.0178,0.0078,0,0.3028,0,Bulgaria
GRC013817,0.0125,0.4712,0,0.19,0.0055,0,0,0.3207,0,Bulgaria
GRC014019,0.0274,0.4611,0,0.2027,0,0.0011,0,0.3077,0,Bulgaria
GRC11048780,0.003,0.4642,0,0.2176,0.0034,0,0.0041,0.3077,0,Bulgaria
GRC11054746,0.0098,0.4513,0,0.2101,0,0,0.0159,0.3129,0,Bulgaria
GRC12093367,0.0026,0.4696,0,0.1954,0,0.0055,0,0.3268,0,Bulgaria
GRC12076277,0.0332,0.4511,0,0.3668,0.0045,0,0,0.1443,0,Chechens
GRC12076253,0.057,0.4419,0,0.3336,0,0,0,0.1675,0,Chechens
GRC12076265,0.0472,0.434,0,0.3402,0.0048,0,0,0.1737,0,Chechens
GRC12076241,0.0302,0.4327,0,0.3276,0.0145,0,0,0.195,0,Chechens
GRC12076433,0.6979,0,0,0,0,0,0.302,0,0,Chinese
GRC12076434,0.7121,0,0,0,0,0,0.2878,0,0,Chinese
GRC12076438,0.7016,0,0,0,0,0,0.2983,0,0,Chinese
GRC12076427,0.7211,0,0,0,0,0,0.2788,0,0,Chinese
GRC12076431,0.7272,0,0,0,0,0,0.2727,0,0,Chinese
GRC12076432,0.7268,0,0,0,0.0113,0,0.2619,0,0,Chinese
GRC12076435,0.7202,0.0049,0,0,0,0,0.2748,0,0,Chinese
GRC12076428,0.7383,0,0,0,0,0,0.2617,0,0,Chinese
GRC12076429,0.7537,0,0,0,0.0061,0,0.2402,0,0,Chinese
GRC12076436,0.7382,0,0,0,0.0069,0,0.2548,0,0,Chinese
GRC12076430,0.673,0,0,0,0,0,0.3269,0,0,Chinese
GRC12076437,0.6507,0,0,0,0,0,0.3492,0,0,Chinese
GRC11074483,0.0035,0.3078,0,0.1596,0.004,0.0028,0,0.5223,0,Dane
GRC11074486,0.0069,0.3087,0,0.158,0,0.0091,0,0.5173,0,Dane
GRC11074490,0,0.2991,0,0.1715,0,0.0155,0,0.5137,0,Dane
GRC11074493,0.0024,0.2943,0,0.1732,0,0,0.0094,0.5207,0,Dane
GRC11074494,0.0038,0.3116,0,0.1703,0.0011,0,0.0055,0.5077,0,Dane
GRC11074495,0,0.3039,0,0.1657,0,0.0032,0.0018,0.5253,0,Dane
GRC11074487,0,0.331,0,0.1771,0.0061,0,0,0.4857,0,Dane
GRC11074496,0,0.318,0,0.1755,0,0.0013,0.0035,0.5017,0,Dane
GRC11074484,0,0.3282,0,0.154,0.0071,0.0061,0.0046,0.5,0,Dane
GRC11074488,0,0.3175,0,0.1473,0.0063,0,0.0133,0.5156,0,Dane
GRC11074489,0,0.313,0,0.1497,0.0099,0.0071,0.0049,0.5154,0,Dane
GRC11074492,0,0.3157,0,0.1547,0.0152,0,0.0026,0.5117,0,Dane
GRC11074497,0,0.3264,0,0.1452,0.0029,0.0056,0.0037,0.5162,0,Dane
GRC11074485,0,0.2788,0,0.1656,0,0.0227,0.0113,0.5216,0,Dane
GRC11074491,0,0.2818,0,0.159,0.0103,0.0134,0.008,0.5275,0,Dane
GRC12076331,0,0.6815,0.0184,0.2037,0,0.0018,0,0,0.0945,Egypt
GRC12076343,0.0057,0.6357,0.0079,0.1672,0.003,0.0089,0,0,0.1716,Egypt
GRC12076345,9.00E-04,0.6282,0.0138,0.1815,0,0.0099,0,0,0.1658,Egypt
GRC12076348,0.0019,0.6339,0.0157,0.1683,0,0,0.0169,0.003,0.1604,Egypt
GRC12076414,0.0104,0.6372,0.0196,0.1624,0,0.0049,0,0.0017,0.1638,Egypt
GRC12076328,0.0031,0.6405,0.0121,0.1775,0.0053,0.0079,0.0014,0.0087,0.1435,Egypt
GRC12076330,0,0.6381,0.0105,0.1828,0.0032,0,0.0119,0.0012,0.1522,Egypt
GRC12076344,0,0.645,0.0029,0.1783,7.00E-04,0.0065,0.0065,0.0039,0.1562,Egypt
GRC12076347,0.0066,0.6429,0.0157,0.1884,0,0.0052,0.0031,0,0.1381,Egypt
GRC12076356,0.0018,0.6405,0.0079,0.1999,0.0054,0,0.0029,0,0.1416,Egypt
GRC12076413,0,0.6437,0.0045,0.1966,0,0.0078,0.0098,0,0.1377,Egypt
GRC12076329,0.0219,0.6585,0.0101,0.1642,0.0039,0.0093,0,2.00E-04,0.1319,Egypt
GRC12076346,0.0093,0.6496,0.0193,0.174,3.00E-04,9.00E-04,0.0019,0.0144,0.1303,Egypt
GRC12076366,0.0077,0.6649,0.0038,0.1738,0,0,3.00E-04,0,0.1495,Egypt
GRC12076370,0.0077,0.6766,0.0095,0.1679,0,0.0092,0.0146,0,0.1145,Egypt
GRC12081959,0,0.0341,0,0.6144,0,0,0.3265,0.0229,0.002,Ezhava
GRC11075025,0.0867,0.1617,0,0.1527,0.0099,0.0098,0.0043,0.5749,0,Finnish
GRC11075031,0.0851,0.1594,0,0.1631,0.0086,0.0031,0.007,0.5737,0,Finnish
GRC11075032,0.0772,0.1695,0,0.1737,0,0.0104,0,0.5691,0,Finnish
GRC11075033,0.0592,0.1725,0,0.1709,0.0074,6.00E-04,0.0113,0.578,0,Finnish
GRC11075035,0.0681,0.1664,0,0.1791,0.0151,0,0.0075,0.5637,0,Finnish
GRC11075027,0.063,0.1996,0,0.165,0.0136,0.0023,0.0023,0.5541,0,Finnish
GRC11075028,0.0692,0.1803,0,0.1616,0.0113,0.0025,0.0162,0.5589,0,Finnish
GRC11075036,0.0687,0.1908,0,0.1536,0.0161,0,0.0042,0.5666,0,Finnish
GRC11075026,0.0602,0.2128,0,0.1934,0.0025,0,0.0044,0.5267,0,Finnish
GRC11075029,0.0693,0.2135,4.00E-04,0.169,0.0071,0.0039,0,0.5368,0,Finnish
GRC11075030,0.0743,0.1961,0,0.1681,0.0105,0.0043,0.012,0.5348,0,Finnish
GRC11075034,0.0736,0.1828,0,0.1846,0.0134,0.0048,0.0042,0.5366,0,Finnish
GRC12076240,0.005,0.5941,0,0.3113,0,0,0,0.0895,0,Georgian
GRC12076252,0,0.6158,0,0.331,0,0,0,0.0532,0,Georgian
GRC12076264,0.0023,0.6328,0,0.3086,0,0,0,0.0562,0,Georgian
GRC12076276,0.0221,0.6222,0,0.2992,0,0,0,0.0564,0,Georgian
GRC11074516,5.00E-04,0.2845,0,0.1705,0,0,0.0043,0.5401,0,German
GRC11074527,0.0141,0.238,0,0.176,0,0.0054,0.0095,0.5571,0,German
GRC11074513,0,0.3249,0,0.174,0.0016,0,0.0097,0.4898,0,German
GRC11074518,0,0.3303,0,0.1782,0,0,0,0.4915,0,German
GRC11074514,0.008,0.3568,0,0.1565,0.0137,0.0042,0.0074,0.4532,0,German
GRC11074515,7.00E-04,0.3941,0,0.1615,0,0.0181,0.0026,0.4229,0,German
GRC11074517,0.0015,0.3976,0,0.1738,0.0087,0.0041,0,0.4141,0,German
GRC11074519,0.0082,0.3753,0,0.1699,0,0.0042,0.006,0.4363,0,German
GRC11074520,0,0.3872,0,0.1666,0.0073,0,0.0096,0.4291,0,German
GRC11074521,0.0035,0.3999,0,0.181,0.0048,0.0046,0.0053,0.4008,0,German
GRC11074522,0,0.3666,0,0.1672,0.0064,0,0.0209,0.439,0,German
GRC11074523,0,0.3807,0,0.1715,0,0,0.012,0.4358,0,German
GRC11074524,0.011,0.3878,0,0.1688,0,0,0.0022,0.4302,0,German
GRC11074526,0.0078,0.4076,0,0.156,1.00E-04,0,0.0049,0.4234,0,German
GRC11074525,0.006,0.4492,0,0.1657,0,0,0.0057,0.3733,0,German
GRC12081944,0,0,0,0.4368,2.00E-04,0.0214,0.5416,0,0,Gond_Ori
GRC12081951,0,0,0.002,0.4088,0.0073,0.011,0.5707,0,0,Gond_Ori
GRC12081958,0,0,0,0.436,0,0.0259,0.538,0,0,Gond_Ori
GRC11074503,5.00E-04,0.5047,0,0.1785,0.016,0,0.0069,0.2934,0,Greek
GRC11074505,0,0.5261,0,0.172,0,0,0.0087,0.2932,0,Greek
GRC11074506,0,0.5155,0,0.1705,0,0.007,0.0199,0.2871,0,Greek
GRC11074512,0,0.5241,0,0.1725,0.0035,0,0.0201,0.2787,0.001,Greek
GRC11074499,0.0172,0.5394,0,0.1485,0,0,0,0.2948,0,Greek
GRC11074504,0,0.5312,0,0.1631,0.0014,0,0.0062,0.2981,0,Greek
GRC11074498,0,0.5571,0,0.1673,0.0072,0.0071,0,0.2613,0,Greek
GRC11074500,0,0.5468,0,0.1645,0,0.0044,0.0232,0.2611,0,Greek
GRC11074510,0,0.5601,0.0028,0.1613,0.0121,0.0037,8.00E-04,0.2591,0,Greek
GRC11074501,0.0116,0.5563,0,0.1883,0,0,0.0037,0.24,0,Greek
GRC11074502,0,0.5412,0,0.1794,0.0055,0,0.0209,0.253,0,Greek
GRC11074507,0.0085,0.5283,0,0.2067,0.0052,0,0.0158,0.2355,0,Greek
GRC11074508,8.00E-04,0.536,0,0.1915,0,0,0.0082,0.2634,0,Greek
GRC11074509,0,0.5169,0,0.1977,0.0092,0.0039,0.011,0.2612,0,Greek
GRC11074511,0.0011,0.5421,0,0.1866,0.0062,9.00E-04,0.0023,0.2607,0,Greek
GRC12084590,0.0583,0.0261,0,0.0321,0.8379,0.0029,0.0063,0.0364,0,Guanajuato_Mexico
GRC12084591,0.054,0.0784,0.0033,0.0283,0.778,4.00E-04,0.0089,0.0399,0.0089,Guanajuato_Mexico
GRC12084592,0.0182,0.0752,0,0.0453,0.7629,0,0.0255,0.0614,0.0115,Guanajuato_Mexico
GRC12076453,0.0062,0.1335,0,0.5557,0.003,0,0.1965,0.1051,0,Gujarati
GRC12076459,0.0221,0.0951,0,0.5862,0,0.0109,0.1972,0.0884,0,Gujarati
GRC12076461,0.0274,0.1027,0,0.5863,0.0108,0.0076,0.1627,0.1025,0,Gujarati
GRC12076451,0,0.1112,0,0.5934,0.0169,0,0.215,0.0635,0,Gujarati
GRC12076452,0,0.1082,0,0.5918,0,0,0.2262,0.0738,0,Gujarati
GRC12076454,0.0221,0.0975,0,0.596,0,0,0.2091,0.0754,0,Gujarati
GRC12076457,0,0.0863,0,0.5909,0,0.0015,0.2406,0.0806,0,Gujarati
GRC12076456,0,0.0452,0,0.6264,0,0,0.2897,0.0386,0,Gujarati
GRC12076458,0,0.0426,0,0.6303,0,0,0.2879,0.0391,0,Gujarati
GRC12076460,0.0054,0.0784,0,0.6279,0,6.00E-04,0.2457,0.042,0,Gujarati
GRC12076462,8.00E-04,0.0806,0,0.6398,0,0,0.2436,0.0352,0,Gujarati
GRC12076455,0.039,0.1733,0,0.5808,0.01,0,0.1115,0.0854,0,Gujarati
GRC12081946,0,0,0,0.4972,0,0,0.5028,0,0,Halba
GRC12081953,0,0,0,0.5047,0,0.0077,0.4875,0,0,Halba
GRC12084543,8.00E-04,0.0394,0.6861,0.038,0,0.0039,0.036,0.0067,0.1891,Hereroland_Namibia
GRC12084539,0,0,0.114,0,0,0,0,0,0.8859,Hereroland_Namibia
GRC12084540,0,0,0.1813,0,0,0,0,0,0.8186,Hereroland_Namibia
GRC12084541,0,0,0.1022,0,0,0,0,0,0.8977,Hereroland_Namibia
GRC12084542,0,9.00E-04,0.1362,0,0,0,0,0,0.8629,Hereroland_Namibia
GRC12084596,0.0351,0.0181,0.0025,0.0311,0.8191,0,0.0254,0.0679,7.00E-04,Hidalgo_Mexico
GRC12087863,0.0433,0.0561,0,0.0291,0.7883,4.00E-04,0.0233,0.053,0.0065,Hidalgo_Mexico
GRC12084593,0.0377,0.1514,0.0086,0.0282,0.6395,0,0.0182,0.1065,0.0099,Hidalgo_Mexico
GRC12084595,0.0436,0.1289,2.00E-04,0.0735,0.6167,0.0062,0,0.1263,0.0045,Hidalgo_Mexico
GRC12084597,0.0434,0.0271,0,0.0385,0.8544,0.0069,0,0.0296,0,Hidalgo_Mexico
GRC12084598,0.0276,0.0056,0,0.017,0.8829,0,0.0118,0.0551,0,Hidalgo_Mexico
GRC12087864,0.0648,0.0206,0,0.0041,0.8512,0,0.0147,0.0447,0,Hidalgo_Mexico
GRC12084594,0.0226,0.1032,0.0087,0.0585,0.7024,0,0.0137,0.085,0.0058,Hidalgo_Mexico
GRC11075038,3.00E-04,0.4823,0,0.1138,0,0,0.0199,0.3536,0.0301,Iberian
GRC11075041,0,0.4674,0.0053,0.15,0,0.0021,0.0123,0.3529,0.01,Iberian
GRC11075042,0,0.495,0,0.1288,0.0032,0,0.0173,0.348,0.0076,Iberian
GRC11075045,0,0.4803,0,0.1355,0.0145,0,0.0052,0.3627,0.0018,Iberian
GRC11075046,0,0.4788,0.0021,0.126,0,0.0056,0.0086,0.3786,2.00E-04,Iberian
GRC11075047,0,0.475,0,0.1175,0,0,0.0079,0.3996,0,Iberian
GRC11075048,0,0.4484,0,0.1187,0,0.0061,0,0.4268,0,Iberian
GRC11075037,0.0082,0.5104,0,0.1471,0.0052,0,0.0061,0.3065,0.0166,Iberian
GRC11075039,0,0.5001,0,0.1395,0,0.0034,0.0034,0.342,0.0115,Iberian
GRC11075040,0,0.5257,0,0.1116,0,0.0018,0.0148,0.3356,0.0104,Iberian
GRC11075043,0,0.5028,0.0046,0.1371,0,0,0.004,0.3312,0.0202,Iberian
GRC11075044,0,0.5055,0.0049,0.1411,0,0,0.0138,0.3344,2.00E-04,Iberian
GRC12076289,0.0484,0.4237,0,0.3225,0.0161,9.00E-04,0,0.1885,0,Ingush
GRC12076313,0.0557,0.4561,0,0.3073,0.0228,0,0,0.1581,0,Ingush
GRC12076301,0.0423,0.4435,0,0.3396,0.0108,0,0,0.1638,0,Ingush
GRC12076325,0.0379,0.4671,0,0.3419,4.00E-04,0,0,0.1526,0,Ingush
GRC12076333,0.0436,0.4267,0,0.4672,0,1.00E-04,0,0.0624,0,Iran
GRC12076337,0.0501,0.3921,0,0.4271,0.0077,0.0029,0,0.12,0,Iran
GRC12076339,0.0502,0.4058,0,0.4165,0,0.007,0.0252,0.0766,0.0187,Iran
GRC12076350,0.1926,0.3209,0,0.3236,0.0181,0,0.0452,0.0962,0.0034,Iran
GRC12076334,0.0258,0.4766,0,0.4266,0,0,0,0.0708,2.00E-04,Iran
GRC12076335,0.0194,0.5156,5.00E-04,0.4209,0,0,0,0.0436,0,Iran
GRC12076340,0.0495,0.5096,0,0.3403,0,0.0081,0.0101,0.0824,0,Iran
GRC12076349,0.0211,0.5179,0,0.3981,0,0,0,0.0628,0,Iran
GRC12076351,0.0533,0.5482,0,0.3204,0,0.0065,0,0.0681,0.0034,Iran
GRC12076352,0.0593,0.4717,0,0.3844,0.0049,0.0018,0,0.0779,0,Iran
GRC12076384,0.0313,0.5002,0,0.3409,0,0.0083,0,0.0645,0.055,Iran
GRC12076397,0.0405,0.4865,0,0.4256,1.00E-04,0,0,0.0473,0,Iran
GRC12076332,0.0467,0.3485,0,0.5078,0.0015,0.003,0.0267,0.0658,0,Iran
GRC12076336,0.0453,0.2969,0,0.4975,0,0.002,0.0458,0.1057,0.0068,Iran
GRC12076338,0.0504,0.3151,0.0084,0.5314,0,0.0175,0.0092,0.068,0,Iran
GRC12076396,0.0444,0.3221,0.0062,0.4791,0.0066,0.0077,0.0495,0.0684,0.0159,Iran
GRC11075109,0,0.5451,0,0.1673,0,1.00E-04,0.0068,0.2807,0,Italian
GRC11075112,0,0.5493,0.0074,0.1502,0.0033,0,0,0.2898,0,Italian
GRC11075114,0,0.5175,0,0.1785,0,0,0.016,0.2879,0,Italian
GRC11075117,0,0.5391,6.00E-04,0.1782,0.0015,0.0064,0,0.2741,0,Italian
GRC11075120,0,0.5371,0,0.1838,0,0.005,0,0.274,0,Italian
GRC11075113,0.0127,0.5489,0,0.1957,0,0,0.0061,0.2366,0,Italian
GRC11075115,0.0032,0.5475,0,0.1993,0,0,0,0.2499,0,Italian
GRC11075110,0.0013,0.5569,0,0.1724,0.0068,0,0.005,0.2574,0,Italian
GRC11075111,0,0.5492,0,0.1695,0,0,0.0252,0.256,0,Italian
GRC11075116,0,0.5408,0,0.1813,0,0,0.0182,0.2586,0.001,Italian
GRC11075118,0,0.5455,0,0.1701,0.0017,0,0.0183,0.2644,0,Italian
GRC12083640,0,0.5521,0,0.1678,0.0054,0.0023,0.002,0.2674,0.003,Italian
GRC12083641,0.0055,0.5491,0,0.1654,0,0,0.0094,0.2706,0,Italian
GRC11075119,0,0.5836,0,0.1686,0,0,0.0074,0.2404,0,Italian
GRC12083639,0.0024,0.5867,0,0.1697,0.0015,3.00E-04,0.0024,0.237,0,Italian
GRC12081970,0,0.0814,0,0.5983,0,0.0084,0.254,0.0578,0,Iyengar_Kar
GRC12081997,0,0.084,0,0.6006,0,0,0.2418,0.0735,0,Iyengar_Kar
GRC11075073,0.7345,0,0,0,0,0,0.2654,0,0,Japan
GRC11075074,0.728,0,0,0,1.00E-04,0.0018,0.27,0,0,Japan
GRC11075075,0.7365,0,0,0,0,0,0.2634,0,0,Japan
GRC11075077,0.737,0,0,0,0,0,0.263,0,0,Japan
GRC11075081,0.7337,0,0,0,0.0034,0,0.2629,0,0,Japan
GRC11075082,0.7243,0,0,0,0.0035,0,0.2721,0,0,Japan
GRC11075076,0.7446,0,0,0,0,0.0025,0.2528,0,0,Japan
GRC11075079,0.7472,0,0,0,0,0,0.2527,0,0,Japan
GRC11075080,0.7439,0,0,0,0,0,0.256,0,0,Japan
GRC11075083,0.7322,0,0,0,0.0124,0.0023,0.2531,0,0,Japan
GRC11075078,0.7571,0,0,0,0,0,0.2428,0,0,Japan
GRC11075084,0.7597,0,0,0,0,0.0045,0.2357,0,0,Japan
GRC12084519,0,0,0.2093,0,0,0,0,0,0.7906,Johannesburg_Gauteng_RSA
GRC12084520,0,0,0.1537,0,0,0,0,0,0.8463,Johannesburg_Gauteng_RSA
GRC12084510,0,0,0.1256,0,0,0,0,0,0.8743,Kaokoveld_Namibia
GRC12084512,0,0,0.1181,0,0,0,0,0,0.8819,Kaokoveld_Namibia
GRC12084509,0,0,0.1041,0,0,0,0,0,0.8958,Kaokoveld_Namibia
GRC12084511,0,0,0.1078,0,0,0,0,0,0.8921,Kaokoveld_Namibia
GRC12084513,0,0,0.1036,0,0,0,0,0,0.8964,Kaokoveld_Namibia
GRC12081937,0,0.0383,0.0018,0.5954,0,0,0.3645,0,0,Kapu
GRC12081983,0,0.031,0.0056,0.6362,0,0,0.3201,0.0071,0,Kapu
GRC11075086,0,0.0138,0.0797,0.0173,0,0,0,0,0.8892,Kenya
GRC11075088,0,0.0039,0.091,0.0096,0,0.0046,3.00E-04,0.0256,0.865,Kenya
GRC11075091,0,0.0199,0.0871,0.0106,0,0.0064,0,0,0.876,Kenya
GRC11075092,0.0052,0.0108,0.0957,0.0089,0,0.0051,0,0,0.8743,Kenya
GRC11075095,0.0084,0.0086,0.082,0.0207,0,0,0,0,0.8803,Kenya
GRC11075087,0,0.0306,0.0801,0.0044,0,0.0106,0,0,0.8742,Kenya
GRC11075089,0,0.0292,0.0849,0.0124,0,0.005,0,0,0.8685,Kenya
GRC11075093,0,0.0402,0.0733,0,0,0.001,0.0021,9.00E-04,0.8823,Kenya
GRC11075094,0,0.0291,0.0824,0.0249,0,0,4.00E-04,0,0.8632,Kenya
GRC11075096,0,0.0409,0.0684,0.008,0,0,0.0011,0,0.8815,Kenya
GRC11075090,0,0.0131,0.0704,0,0.0078,0,0.0052,0,0.9035,Kenya
GRC11075085,0,0.0464,0.0864,0.0157,0.005,5.00E-04,0.0064,0,0.8397,Kenya
GRC12084534,0,0,0.1415,0,0,0,0,0,0.8585,Kroonstad_Free_State_RSA
GRC12084532,0,0,0.4208,0,0,0,0,0,0.5792,Kroonstad_Free_State_RSA
GRC12084531,0,0.0061,0.2698,0.0184,0,0.0014,0.0178,0.0122,0.6743,Kroonstad_Free_State_RSA
GRC12084533,0,0,0.3146,0,0,0,0,0,0.6853,Kroonstad_Free_State_RSA
GRC12084535,0,0.017,0.3014,2.00E-04,0,0,9.00E-04,0,0.6805,Kroonstad_Free_State_RSA
GRC12076376,0,0.748,0.007,0.1699,0.0119,0,0.0122,0,0.051,Kuwait
GRC12076378,0,0.6364,0.0115,0.2251,0.0078,0,0.0408,0,0.0782,Kuwait
GRC12076379,0.0019,0.7259,0.0041,0.2018,0,0.0148,0,0,0.0515,Kuwait
GRC12076375,0,0.4937,0.0026,0.1234,0,0.0047,0.0113,0.3421,0.022,Kuwait
GRC12076341,0.0234,0.6113,0.0211,0.3335,0.0031,0,0,0,0.0076,Kuwait
GRC12076342,0.0245,0.5997,0.0093,0.3142,0,8.00E-04,0,0,0.0515,Kuwait
GRC12076363,0.0096,0.5656,0.0158,0.2756,0,0,0.0329,0.0207,0.0798,Kuwait
GRC12076374,0.019,0.6202,0.0012,0.2928,0,0,0,0,0.0667,Kuwait
GRC12076377,0.0221,0.5366,0.0036,0.3568,0.0011,0.0022,0,0.0439,0.0336,Kuwait
GRC12076380,0.0109,0.5432,0,0.3554,0.0026,0.0065,0,0.0513,0.03,Kuwait
GRC12076392,0.0177,0.6247,0.0175,0.2795,0,0.0074,0.0015,0.0036,0.0481,Kuwait
GRC12076394,0.0459,0.4992,0.0059,0.3548,0,0,0,0.0652,0.0291,Kuwait
GRC12076398,0.0084,0.5265,0.0037,0.3496,0.0061,0.0022,0.0212,0.0035,0.0789,Kuwait
GRC12076354,0.0278,0.5149,0.0307,0.2586,0.0064,0,0.0209,0,0.1406,Kuwait
GRC12076355,0.0188,0.4486,0.003,0.3421,0.0115,0.0018,0,0.0278,0.1464,Kuwait
GRC12076364,0.0129,0.4978,0.024,0.1876,0,0.0116,0.0099,0,0.2561,Kuwait
GRC12076371,0.0436,0.4575,0.0159,0.322,0,0.0059,0.0084,0.0128,0.1338,Kuwait
GRC12076388,0.0163,0.5611,0.0227,0.1804,0.0046,0.0011,0,0,0.2139,Kuwait
GRC12076368,0.0136,0.6483,0.0148,0.2574,0,0,0,0.0646,0.0012,Lebanon
GRC12076372,0,0.6496,0,0.2989,0.0057,0,0,0.0457,0,Lebanon
GRC12076382,0.0196,0.6464,0,0.251,0,0.0102,0,0.052,0.0208,Lebanon
GRC12076385,0.0139,0.6466,8.00E-04,0.2471,0,0,0.0039,0.0462,0.0415,Lebanon
GRC12076387,0,0.6231,0,0.3007,7.00E-04,0.0027,0,0.0727,0,Lebanon
GRC12076391,0.0069,0.6567,0.007,0.2577,0.0042,0.0037,0,0.0528,0.011,Lebanon
GRC12076362,0.0083,0.6987,0.0053,0.282,0,0.0025,0,0.0031,0,Lebanon
GRC12076365,0,0.6977,0.007,0.2554,0,0.0081,0,0.0315,3.00E-04,Lebanon
GRC12076367,0,0.7203,0.0013,0.2702,0,0.0029,0,0.0053,0,Lebanon
GRC12076369,0,0.7105,0.0087,0.2572,0,0.0048,0,0.0075,0.0112,Lebanon
GRC12076373,0.0049,0.6986,0.0105,0.2436,0.0047,0.0056,0,0.0303,0.0017,Lebanon
GRC12076383,0.0021,0.6992,0,0.2369,0.005,0.0166,0,0.036,0.0041,Lebanon
GRC12076386,0.0033,0.6924,0.0068,0.247,0,4.00E-04,0,0.0334,0.0166,Lebanon
GRC12076389,0.0063,0.709,0.0102,0.2709,0,0,0,0,0.0035,Lebanon
GRC12076390,0.0043,0.7197,0.005,0.2501,0,0.0097,0,0.0111,0,Lebanon
GRC12076393,0,0.7631,0.0039,0.2329,0,0,0,0,0,Lebanon
GRC12076395,0,0.7547,0.0051,0.239,0,0,0,0,0.0012,Lebanon
GRC12076357,0.0112,0.6061,0.0032,0.2697,0,0.011,0,0.0671,0.0316,Lebanon
GRC12076358,0.0296,0.5722,0.0091,0.2623,0,0.0118,0,0.0687,0.0463,Lebanon
GRC12076359,0.0196,0.5741,0,0.281,0.0038,0.0077,0,0.0855,0.0283,Lebanon
GRC12076360,0.0169,0.5882,0.0031,0.2594,0,0.0056,0,0.0951,0.0316,Lebanon
GRC12076361,0,0.6488,5.00E-04,0.2003,0,0.0047,0,0.0299,0.1158,Lebanon
GRC12084557,0.1529,0.0947,0.0373,0.0012,0.0072,0.0027,0.1962,0.054,0.4538,Mahajanga_Madagascar
GRC12081949,0,0.0827,0,0.5736,0.007,0,0.3243,0.0123,0,Majhbi
GRC12081994,0,0.075,0,0.5767,0.0065,0.0023,0.313,0.0264,0,Majhbi
GRC12084550,0.1298,0.0341,0.0537,0,0,0,0.1712,0,0.6111,Manakara_Madagascar
GRC12084547,0.1432,0,0.04,0,0,0.0123,0.1773,0.0329,0.5943,Manakara_Madagascar
GRC12084548,0.1486,0.0014,0.0355,0,4.00E-04,0.0054,0.2056,0.0155,0.5875,Manakara_Madagascar
GRC12084549,0.1229,0,0.0498,0,0,0.0015,0.1753,0.0114,0.6391,Manakara_Madagascar
GRC12081947,0.4864,0,0,0.1701,0.0075,0,0.3234,0.0121,5.00E-04,Meitei
GRC12081967,0.4402,0.0155,0,0.179,0,0,0.3542,0.0111,0,Meitei
GRC12081943,0,0.0812,0,0.6234,0,0.0186,0.263,0.0137,0,Mogaveera
GRC12076318,0.6281,0.0206,3.00E-04,0.1278,0.053,0,0.0975,0.0726,0,Mongols
GRC12076235,0.7055,0,0,0.0949,0.0278,0.0015,0.1143,0.0561,0,Mongols
GRC12076271,0.6919,0.013,0,0.1021,0.0284,0,0.0973,0.0673,0,Mongols
GRC12076283,0.683,0.0067,0,0.102,0.0336,0,0.1248,0.0499,0,Mongols
GRC12076259,0.7166,0,0,0.1322,0.0278,0.0168,0.0641,0.0424,0,Mongols
GRC12076270,0.6894,0,0,0.1184,0.0438,0.0216,0.0712,0.0557,0,Mongols
GRC12076294,0.6766,0.0107,0,0.1211,0.0546,0.0066,0.0797,0.0507,0,Mongols
GRC12076295,0.6877,0.0016,0,0.1249,0.034,0.0032,0.0883,0.0603,0,Mongols
GRC12076307,0.6839,0.0205,0.0037,0.1281,0.037,0,0.087,0.0398,0,Mongols
GRC12076234,0.6682,0,0,0.1111,0.0371,0.0161,0.0939,0.0736,0,Mongols
GRC12076246,0.6607,0,0,0.1037,0.0316,0.0047,0.124,0.0753,0,Mongols
GRC12084600,0.0502,0,0,0,0.9498,0,0,0,0,Morelos_Mexico
GRC12084602,0.0487,0,0,0,0.9512,0,0,0,0,Morelos_Mexico
GRC12084599,0.0369,0,0,0,0.963,0,0,0,0,Morelos_Mexico
GRC12084601,0.0264,0,0,0,0.9736,0,0,0,0,Morelos_Mexico
GRC12081960,0.0183,0,9.00E-04,0.381,0,0.0185,0.5812,0,0,Munda
GRC12081936,0,0.0375,0,0.5937,0,0,0.3479,0.0208,0,Nadar_Cape
GRC12081978,0.6033,0,0,0.0248,0.0053,0.0066,0.3599,0,0,Naga
GRC12083608,0,0,0,0,0,0.8613,0.1386,0,0,Nasioi_Bougainville
GRC12083609,0,0,0,0,0,0.8324,0.1675,0,0,Nasioi_Bougainville
GRC12083610,0,0,0,0,0,0.8387,0.1612,0,0,Nasioi_Bougainville
GRC12083611,0.006,0,0,0,0,0.8352,0.1588,0,0,Nasioi_Bougainville
GRC12083612,0,0,0,0,0,0.8465,0.1534,0,0,Nasioi_Bougainville
GRC12083613,0,0,0,0,0,0.9223,0.0776,0,0,Nasioi_Bougainville
GRC12083614,0,0,0,0,0,0.9225,0.0774,0,0,Nasioi_Bougainville
GRC12083615,0.0065,0,0,0,0,0.8373,0.1561,0,0,Nasioi_Bougainville
GRC12083616,0,0,0,0,0,0.9338,0.0661,0,0,Nasioi_Bougainville
GRC12083617,0,0,0,0,0,0.8519,0.148,0,0,Nasioi_Bougainville
GRC12081971,0,0.071,0,0.6177,0,0.0054,0.3059,0,0,Nattukottai_Chettiar
GRC12083626,0.2237,0,0,0,0,0.5739,0.2023,0,0,Papua_New_Guinea_coastal
GRC12083627,0.2517,0,0,0,0,0.5305,0.2177,0,0,Papua_New_Guinea_coastal
GRC12083618,0,0,0,0,0,0.9999,0,0,0,Papua_New_Guinea_coastal
GRC12083619,0,0,0,0,0,0.9999,0,0,0,Papua_New_Guinea_coastal
GRC12083621,0.0479,0,0,0,0,0.8996,0.0524,0,0,Papua_New_Guinea_coastal
GRC12083622,0.0169,0,0,0,0,0.9831,0,0,0,Papua_New_Guinea_coastal
GRC12083624,0,0,0,0,0,0.9999,0,0,0,Papua_New_Guinea_coastal
GRC12083625,0.038,0,0,0,0,0.9619,0,0,0,Papua_New_Guinea_coastal
GRC12083628,0,0,0,0,0,0.9999,0,0,0,Papua_New_Guinea_highland
GRC12083629,0,0,0,0,0,0.9999,0,0,0,Papua_New_Guinea_highland
GRC12083630,0,0,0,0,0,0.9999,0,0,0,Papua_New_Guinea_highland
GRC12083631,0,0,0,0,0,0.9999,0,0,0,Papua_New_Guinea_highland
GRC12083633,0,0,0,0,0,0.9943,0.0056,0,0,Papua_New_Guinea_highland
GRC12083635,0.1132,0,0,0,0,0.8441,0.0426,0,0,Papua_New_Guinea_highland
GRC12083637,0.1131,0,0,0,0,0.7846,0.1022,0,0,Papua_New_Guinea_highland
GRC12083638,0.057,0,0,0,0,0.8936,0.0493,0,0,Papua_New_Guinea_highland
GRC12083632,0,0,0,0,0.9999,0,0,0,0,Papua_New_Guinea_highland
GRC12081939,0,0.0096,0,0.583,0,0,0.4074,0,0,Parayar
GRC12081973,0,0.0256,9.00E-04,0.5934,0,0.0096,0.3704,0,0,Parayar
GRC12081995,0.0581,0.4049,0.003,0.436,0,0.0083,0.036,0.0511,0.0027,Parsee
GRC11075052,8.00E-04,0.0206,0,0,0.9284,0,0,0.0502,0,Peru
GRC11075059,0,0.0167,0,0.0102,0.9541,0,0.0024,0.0167,0,Peru
GRC11075050,0.0311,0.2611,0,0.0782,0.4277,0,0.0021,0.1801,0.0198,Peru
GRC11075053,0.0092,0.2444,0.0022,0.0693,0.4227,0,0.0125,0.1782,0.0615,Peru
GRC11075055,0,0.1046,0.019,0.035,0.6799,0.0085,0.0054,0.0726,0.075,Peru
GRC11075057,0.0038,0.0986,0,0.015,0.8313,0,0.0083,0.0318,0.0112,Peru
GRC11075058,0.0023,0.1535,0,0.0319,0.7553,0,0.004,0.0531,0,Peru
GRC11075060,0,0.1268,0,0.02,0.7233,0.001,0.0296,0.0988,5.00E-04,Peru
GRC11075049,0.0404,0.1823,0.0055,0.0396,0.638,0,4.00E-04,0.0919,0.0019,Peru
GRC11075051,0.0199,0.1829,0,0.0544,0.626,0.0039,0.0022,0.1107,0,Peru
GRC11075054,0.0014,0.2214,0,0.0435,0.5736,0,0.0209,0.1341,0.005,Peru
GRC11075056,0.0023,0.2042,0.0106,0.0333,0.5459,0,0.0067,0.084,0.1131,Peru
GRC12084607,0,0.224,0.0342,0.0813,0.1685,0.0069,0.0027,0.1331,0.3493,Puerto_Rico
GRC12084608,0,0.2287,0.042,0.056,0.091,0.0037,0.0191,0.1401,0.4194,Puerto_Rico
GRC12084610,0,0.1973,0.0374,0.0495,0.0882,0.0056,0.0126,0.1586,0.4507,Puerto_Rico
GRC12084614,0,0.2819,0.0232,0.0507,0.1096,0.0075,0.0089,0.1555,0.3627,Puerto_Rico
GRC12084606,0.0029,0.0815,0.0399,0.0405,0.0849,0.0022,0.0091,0.073,0.6661,Puerto_Rico
GRC12084603,0.0344,0.3872,0.01,0.118,0.0921,0.0021,0.0018,0.2512,0.1032,Puerto_Rico
GRC12084604,0.0218,0.3863,0.005,0.1147,0.1212,0,0,0.2457,0.1052,Puerto_Rico
GRC12084609,0,0.3892,0.0092,0.1087,0.1202,0.0056,0.0127,0.2514,0.103,Puerto_Rico
GRC12084611,0.0138,0.45,0.0071,0.1329,0.0726,0.0018,0.0134,0.2565,0.0519,Puerto_Rico
GRC12084612,0,0.4183,0.001,0.1209,0.0829,0.0085,0.0167,0.2865,0.0652,Puerto_Rico
GRC12084615,0,0.3654,0.0123,0.1085,0.1172,0,0.0214,0.2451,0.1301,Puerto_Rico
GRC12084605,0,0.3274,0.0077,0.1082,0.1363,0.0077,0.0169,0.2132,0.1826,Puerto_Rico
GRC12084613,0.0048,0.3346,0.0262,0.0829,0.1368,0.0137,8.00E-04,0.1973,0.2027,Puerto_Rico
GRC12084616,0,0.3094,0.0167,0.0944,0.1215,0,0.0246,0.1729,0.2605,Puerto_Rico
GRC12084617,0,0.3353,0.0179,0.067,0.0966,0,0.0239,0.2059,0.2534,Puerto_Rico
GRC12081945,0,0,0,0.5318,0,0.0023,0.4659,0,0,Pulayar
GRC12081976,0,0,0,0.5294,0,0.0126,0.458,0,0,Pulayar
GRC12081927,0.0021,0.074,0.0064,0.0081,0.8492,0,0.0047,0.0555,0,QUECHUA
GRC12081928,2.00E-04,0.0615,1.00E-04,0.0181,0.8481,0,0.0279,0.0422,0.002,QUECHUA
GRC12081930,0.0087,0.0698,0,0.0197,0.8313,0,0.0049,0.0657,0,QUECHUA
GRC12081931,0.0177,0.1272,0,0.0337,0.7421,0.012,0,0.0674,0,QUECHUA
GRC12081926,0.0073,0.0293,0,0,0.953,0,0,0.0104,0,QUECHUA
GRC12081929,0,0.0095,0,0.0099,0.9668,0,0,0.0137,0,QUECHUA
GRC12081998,0,0,0,0,0.9999,0,0,0,0,QUECHUA
GRC12084618,0.0393,0.001,0,0.0264,0.8795,0,0.0127,0.0411,0,Queretaro_Mexico
GRC12081933,0.2848,0.0214,0,0.3648,0.0069,0.0087,0.2512,0.0623,0,Rajput_Kinnura
GRC12081941,0.0226,0.1678,0,0.59,0.001,0.009,0.1394,0.0703,0,Rajput_Rajasthan
GRC12084536,0,0,0.1877,0,0,0,0,0,0.8122,Reichenau_Mission_Underberg_KZN_RSA
GRC12081986,0,2.00E-04,0,0.5534,0,0,0.4415,0.0048,0,Relli
GRC000868,0.0243,0.4375,0,0.1809,8.00E-04,0.0056,0.0081,0.3428,0,Romania
GRC001050,0.0145,0.4408,0,0.1905,0.0108,0,0.0014,0.342,0,Romania
GRC002130,0.0384,0.43,0,0.1854,0.0079,0,0,0.3383,0,Romania
GRC10034898,0.0189,0.4304,0,0.191,0,0.02,0,0.3396,0,Romania
GRC10038272,0.0203,0.4562,0,0.195,0,0,0.0051,0.3232,0,Romania
GRC11073453,0.0182,0.4499,0,0.1943,0,0,0,0.3376,0,Romania
GRC017591,0.0173,0.4818,0,0.2018,0.0072,0,0,0.2919,0,Romania
GRC025491,0.0185,0.4715,0,0.2014,0,0,3.00E-04,0.3082,0,Romania
GRC10042263,0.0102,0.47,0,0.2122,0.0043,0,0,0.3011,0.0021,Romania
GRC11054201,0.0347,0.3964,0,0.1866,0,0.0072,0.0025,0.3726,0,Romania
GRC11059201,0.0243,0.3747,0,0.2046,0.0059,0.0055,0,0.385,0,Romania
GRC031808,0.0229,0.4044,0,0.1991,0.0031,0.0061,0,0.3644,0,Romania
GRC10043989,0.0178,0.4208,0,0.1985,0.0024,0.0064,0.0036,0.3505,0,Romania
GRC11049359,0.0193,0.4246,0,0.2025,0,0,0.0019,0.3516,0,Romania
GRC11054968,0.0327,0.4038,0,0.2076,0,0.0065,0,0.3495,0,Romania
GRC12076237,0.0362,0.2631,0,0.1839,0.009,0,0,0.5077,0,Russians
GRC12076248,0.0255,0.281,0,0.1881,0,0.0033,0,0.5022,0,Russians
GRC12076261,0.0171,0.2721,0,0.1948,0.0038,0,0.0066,0.5056,0,Russians
GRC12076308,0.0251,0.2812,0,0.1781,0.0175,0.001,0,0.4971,0,Russians
GRC12076260,0.037,0.2424,0,0.1971,0.02,0.0063,0,0.4971,0,Russians
GRC12076272,0.0272,0.2363,2.00E-04,0.1964,0.0055,0.0129,0,0.5215,0,Russians
GRC12076297,0.0359,0.2464,0,0.1802,0.0129,0.0075,0.0047,0.5124,0,Russians
GRC12076309,0.0315,0.2446,0,0.1709,0,0,0.0166,0.5364,0,Russians
GRC12076320,0.0767,0.1952,5.00E-04,0.1913,0.0177,0.0166,0.007,0.495,0,Russians
GRC12076236,0.0441,0.2682,0,0.1929,0,0.008,0,0.4867,0,Russians
GRC12076249,0.0301,0.288,0,0.1774,0.0011,0.0154,0.0037,0.4842,0,Russians
GRC12076273,0.0462,0.2903,0,0.1848,0,0,0.0071,0.4715,0,Russians
GRC12076284,0.0532,0.2737,0,0.1828,0.0042,0.0024,0,0.4838,0,Russians
GRC12076285,0.0474,0.2687,0,0.1768,0.0062,0.0069,5.00E-04,0.4934,0,Russians
GRC12076296,0.0575,0.2674,0,0.1753,0.0074,0.0025,0,0.4898,0,Russians
GRC12076321,0.0396,0.2918,0,0.1909,0.0088,8.00E-04,0,0.4681,0,Russians
GRC11074456,0,0.6739,9.00E-04,0.0755,0,0,0.0122,0.2374,0,Sardinian
GRC11074457,0,0.6771,0,0.0788,0,0,0.0071,0.2369,0,Sardinian
GRC11074458,0,0.6669,0,0.1003,0,0,0.0112,0.2189,0.0027,Sardinian
GRC11074464,0,0.6723,0.0055,0.0823,0,0.0013,0,0.2385,0,Sardinian
GRC11074454,0,0.6821,0,0.0774,0,0.0048,0.0182,0.2174,0,Sardinian
GRC11074460,0,0.6881,0,0.0681,0,0.0029,0.0111,0.2297,0,Sardinian
GRC11074466,0,0.7007,0,0.0602,0,0,0.0123,0.2267,0,Sardinian
GRC11074467,0,0.6994,0,0.0688,0,0,0.0136,0.2181,0,Sardinian
GRC11074453,0,0.6852,0,0.1009,0,0.0041,0.01,0.1998,0,Sardinian
GRC11074455,0,0.7064,0.0021,0.0766,0,0.0051,0.0066,0.2024,7.00E-04,Sardinian
GRC11074463,0,0.7056,8.00E-04,0.0939,0,8.00E-04,0.0131,0.1859,0,Sardinian
GRC11074459,0,0.6357,0.0026,0.0819,0,0,0.0178,0.2619,0,Sardinian
GRC11074461,0,0.651,0.0012,0.0888,0,0,0.0144,0.2406,0.004,Sardinian
GRC11074462,0,0.6589,0.0022,0.0663,0,0,0.0164,0.2505,0.0057,Sardinian
GRC11074465,0,0.6289,0,0.086,0,0,0.027,0.2536,0.0044,Sardinian
GRC12081980,0,0.0139,0,0.6088,0,0.0185,0.3588,0,0,Sattibalija
GRC12084514,0,0,0.7628,0,0,0,0,0,0.2371,Schmidtsdrift_Northern_Cape_RSA
GRC12084516,0,0,0.7582,0,0,0,0,0,0.2417,Schmidtsdrift_Northern_Cape_RSA
GRC12084517,0,0,0.7622,0,0,0,0,0,0.2378,Schmidtsdrift_Northern_Cape_RSA
GRC12084518,0,0,0.9332,0,0,0,0,0,0.0668,Schmidtsdrift_Northern_Cape_RSA
GRC12084565,0,0.0314,0.4359,0,0,0.0044,0,0,0.5283,Southeastern_Namibia
GRC12084566,0,0.0371,0.4769,0,0,0.0062,0.0049,0,0.4748,Southeastern_Namibia
GRC12084567,0,0,0.9999,0,0,0,0,0,0,Southeastern_Namibia
GRC12084568,0,0.0795,0.8799,0.0034,0,0,0,0,0.0372,Southeastern_Namibia
GRC12084569,0,0.097,0.8937,0,0,0.0031,0,0,0.0061,Southeastern_Namibia
GRC12076286,0.0951,0.249,0,0.4261,0.0073,0,0,0.2225,0,Tajikistan
GRC12076298,0.1039,0.2643,0,0.3971,0.008,0,0,0.2266,0,Tajikistan
GRC12076310,0.0751,0.2721,0,0.4131,0.0163,0,0,0.2234,0,Tajikistan
GRC12076322,0.0953,0.271,0,0.4194,0.0054,0,0,0.2088,0,Tajikistan
GRC12076250,0.0918,0.2452,0,0.4535,0.0301,0.0038,0.0051,0.1706,0,Tajikistan
GRC12076238,0.0953,0.2156,0,0.4407,0.0072,0.0053,2.00E-04,0.2357,0,Tajikistan
GRC12076262,0.1024,0.2142,0,0.4309,0.009,7.00E-04,0,0.2428,0,Tajikistan
GRC12076263,0.0995,0.1981,0,0.4329,0,0,0,0.2695,0,Tajikistan
GRC12076275,0.1007,0.2241,0,0.4258,0.0047,0.0021,0,0.2426,0,Tajikistan
GRC12076239,0.1254,0.2125,0.0036,0.448,0.024,0,0,0.1865,0,Tajikistan
GRC12076251,0.1372,0.2001,0,0.4513,0.0111,0.0035,0.004,0.1927,0,Tajikistan
GRC12076274,0.117,0.2125,5.00E-04,0.4477,0.0124,0.0073,0,0.2026,0,Tajikistan
GRC12076299,0.1178,0.2222,0,0.4336,0.0247,0,0.0011,0.2006,0,Tajikistan
GRC12076242,0.1496,0.1954,0,0.2216,0.0074,5.00E-04,0.0102,0.4154,0,Tatars
GRC12076302,0.1506,0.2028,0,0.2065,0.015,0.0126,0.0157,0.3968,0,Tatars
GRC12076315,0.115,0.2134,0,0.2006,0.0153,0.012,0.0188,0.4249,0,Tatars
GRC12076327,0.1239,0.233,0,0.2146,0.0039,0,0,0.4246,0,Tatars
GRC12076291,0.2037,0.1558,0,0.2008,0.0286,0,0,0.411,0,Tatars
GRC12076314,0.1849,0.1651,0,0.2335,0.022,0,0.0012,0.3931,0,Tatars
GRC12076255,0.1417,0.2572,0,0.2132,0.0149,0,0,0.373,0,Tatars
GRC12076267,0.1574,0.2324,0,0.1867,0.0048,0.0115,0.0152,0.3919,0,Tatars
GRC12076279,0.1369,0.243,0,0.2209,0.0067,0,0,0.3924,0,Tatars
GRC12076303,0.1417,0.2493,0,0.2102,2.00E-04,0,0,0.3986,0,Tatars
GRC12076243,0.1735,0.2074,0,0.2212,0,0,0,0.3978,0,Tatars
GRC12076254,0.1775,0.2142,0,0.2306,0.0101,0,0,0.3676,0,Tatars
GRC12076266,0.1777,0.2316,0,0.2159,0.0129,0,0.0046,0.3573,0,Tatars
GRC12076278,0.1752,0.2211,0,0.2127,0.0062,7.00E-04,0.0033,0.3808,0,Tatars
GRC12076290,0.1838,0.2127,0,0.2079,0.0254,0.0012,0.0212,0.3478,0,Tatars
GRC12081965,0.4186,0,0.0067,0.2543,0,0.0065,0.3139,0,0,Tharu
GRC12081968,0.371,0,0,0.2787,0,0.0142,0.3283,0.0078,0,Tharu
GRC12084564,0.1523,0.0048,0.0431,0.0044,1.00E-04,0.0021,0.1855,0.0177,0.5899,Toliara_Madagascar
GRC12084559,0.1339,0.023,0.0378,0,0,0,0.1899,0.0011,0.6142,Toliara_Madagascar
GRC12084562,0.135,0.0154,0.0405,0,0,0.0022,0.19,0.0017,0.6152,Toliara_Madagascar
GRC12084563,0.1351,0.0203,0.0482,0,0,0.0043,0.1658,0,0.6262,Toliara_Madagascar
GRC12084560,0.1317,0.012,0.0329,0,2.00E-04,0.0102,0.2132,0,0.5997,Toliara_Madagascar
GRC12084561,0.1785,0.0207,0.0149,0,0,0.0032,0.1877,0,0.595,Toliara_Madagascar
GRC12084521,0,0,0.9999,0,0,0,0,0,0,Tsumkwe_Namibia
GRC12084523,0,0,0.5782,0,0,0,0,0,0.4217,Tsumkwe_Namibia
GRC12076400,0,0.6325,0.0075,0.0722,0.0012,1.00E-04,0.0291,0.0781,0.1792,Tunisia
GRC12076408,0.0032,0.6322,0.0116,0.0756,4.00E-04,0.0014,0.024,0.0463,0.2053,Tunisia
GRC12076409,0,0.6482,0.0106,0.0725,0.0111,0.0046,0.0262,0.0361,0.1907,Tunisia
GRC12076411,0,0.6463,0,0.0875,0,0.0029,0.0122,0.0601,0.1909,Tunisia
GRC12076399,0,0.6002,0.0139,0.1042,0.0048,0.0024,0.0288,0.0327,0.213,Tunisia
GRC12076402,0.0074,0.6277,0.0035,0.1198,0,0,0.0106,0.0373,0.1937,Tunisia
GRC12076410,0,0.6248,0,0.1125,0.0059,0,0.0046,0.0404,0.2119,Tunisia
GRC12076412,0,0.6513,0.015,0.1241,4.00E-04,0,0.0062,0,0.2031,Tunisia
GRC12076403,0,0.5802,0.0097,0.1213,0,0.0068,0.0123,0.1075,0.1623,Tunisia
GRC12076405,0,0.5746,0.0093,0.1283,0.0081,0.0121,0,0.0931,0.1744,Tunisia
GRC12076401,5.00E-04,0.6142,0.0117,0.1463,0.0112,0.0102,0.0161,0.0289,0.1609,Tunisia
GRC12076406,0,0.6218,0,0.1303,0,0,0.0297,0.0608,0.1574,Tunisia
GRC11074475,0,0.3189,0,0.1537,0.0013,0.0087,0.0037,0.5136,0,UK
GRC11074480,0.0108,0.3169,0,0.1621,0,0,0,0.5101,0,UK
GRC11074479,0,0.3264,0,0.1921,0,0,0.0028,0.4787,0,UK
GRC11074481,0.0034,0.3279,0,0.1863,0.0069,0,0,0.4754,0,UK
GRC11074469,0,0.3669,0,0.1672,0.0067,0,0.0132,0.446,0,UK
GRC11074473,0,0.3483,0,0.1845,0.0035,0,0.0071,0.4565,0,UK
GRC11074474,0.0151,0.3472,0.0022,0.1774,8.00E-04,0,0.006,0.4513,0,UK
GRC11074476,0,0.3638,0,0.1697,0,0,0.0017,0.4647,0,UK
GRC11074468,0.008,0.3377,0,0.1664,0.0015,0.0012,0.0034,0.4818,0,UK
GRC11074470,0.0092,0.3391,0,0.1531,0.0026,0,0,0.496,0,UK
GRC11074471,0,0.3273,0,0.173,0.0018,0,0.0039,0.494,0,UK
GRC11074477,0,0.3282,0,0.167,0.0085,0,4.00E-04,0.4959,0,UK
GRC11074482,0.0075,0.3246,0,0.1597,0.0033,0,0.0121,0.4928,0,UK
GRC12084537,0,0,0.2343,0,0,0,0,0,0.7656,Underberg_KZN_RSA
GRC12084538,0,0,0.2103,0,0,0,0,0,0.7896,Underberg_KZN_RSA
GRC12081972,0,0.0289,0,0.6229,0,0,0.3481,0,0,Valayar
GRC12081974,0,0.0146,0,0.6167,0,0,0.3687,0,0,Valayar
GRC12083643,0.0534,0.0442,0,0.0166,0.0034,0.7162,0.0975,0.0687,0,Vanuatu
GRC12083644,0.052,0.0467,0,0.0259,0.0032,0.6934,0.1085,0.0704,0,Vanuatu
GRC12083650,0.0715,0,0,0,0,0.7282,0.2003,0,0,Vanuatu
GRC12083642,0.0372,0,0,0,0,0.8132,0.1496,0,0,Vanuatu
GRC12083645,0.0693,0,0,0,0,0.7997,0.131,0,0,Vanuatu
GRC12083646,0.032,0,0,0,0,0.8137,0.1542,0,0,Vanuatu
GRC12083647,0.0373,0,0,0,0,0.8096,0.1531,0,0,Vanuatu
GRC12083648,0.05,0,0,0,0.0019,0.8156,0.1324,0,0,Vanuatu
GRC12083649,0.0244,0,0,0,0,0.795,0.1805,0,0,Vanuatu
GRC12083651,0.0327,0,0,0,0,0.8036,0.1636,0,0,Vanuatu
GRC12076415,0.5721,0,0,0,0,0,0.4279,0,0,Vietnamese
GRC12076417,0.5698,0,0,0,0,0,0.4301,0,0,Vietnamese
GRC12076418,0.5668,0,0,0,0,0,0.4331,0,0,Vietnamese
GRC12076422,0.57,0,0,0,0,0,0.43,0,0,Vietnamese
GRC12076425,0.5642,0,0,0,0,0,0.4357,0,0,Vietnamese
GRC12076416,0.5592,0,0,0,0,0,0.4407,0,0,Vietnamese
GRC12076419,0.5598,0,0,0,0,0,0.4401,0,0,Vietnamese
GRC12076421,0.5605,0,0,0,0,0,0.4394,0,0,Vietnamese
GRC12076423,0.5531,0,0,0,0,0,0.4469,0,0,Vietnamese
GRC12076424,0.5565,0,0,0,0,0,0.4435,0,0,Vietnamese
GRC12076420,0.5794,0,0,0,0,0,0.4205,0,0,Vietnamese
GRC12076426,0.5828,0,0,0,0,0,0.4171,0,0,Vietnamese
GRC12084527,0,0,0.848,0,0,0,0,0,0.1519,Witdraai_Northern_Cape_RSA
GRC11075063,0,0,0.0235,0,0,0,0,0,0.9765,Yoruba
GRC11075068,0,0,0.0229,0,0,0,0,0,0.977,Yoruba
GRC11075070,0,0,0.0216,0,0,0,0,0,0.9783,Yoruba
GRC11075061,0,0,0.026,0,0,0,0,0,0.9739,Yoruba
GRC11075065,0,0,0.0293,0,0,0,0,0,0.9706,Yoruba
GRC11075067,0,0,0.0278,0,0,0,0,0,0.9722,Yoruba
GRC11075069,0,0,0.0263,0,0,0,0,0,0.9736,Yoruba
GRC11075066,0,0,0.0338,0,0,0,0,0,0.9662,Yoruba
GRC11075072,0,0,0.0407,0,0,0,0,0,0.9593,Yoruba
GRC11075062,0,0,0.017,0,0,0,0,0,0.983,Yoruba
GRC11075064,0,0,0.0154,0,0,0,0,0,0.9845,Yoruba
GRC11075071,0,0,0.0118,0,0,0,0,0,0.9881,Yoruba
